kaynak,yeni
100reeds/1000reeds (1).jpeg,images/products/1000-reeds/1000reeds-1.jpeg
100reeds/1000reeds (2).jpeg,images/products/1000-reeds/1000reeds-2.jpeg
100reeds/1000reeds (3).jpeg,images/products/1000-reeds/1000reeds-3.jpeg
1500reeds/1500reeds.jpeg,images/products/1500-reeds/1500reeds-1.jpeg
1500reeds/1500reeds1.jpeg,images/products/1500-reeds/1500reeds-2.jpeg
1500reeds/1500reeds2.jpeg,images/products/1500-reeds/1500reeds-3.jpeg
1500reeds/1500reeds3.jpeg,images/products/1500-reeds/1500reeds-4.jpeg
1500reeds/1500reeds4.jpeg,images/products/1500-reeds/1500reeds-5.jpeg
1500reeds/1500reeds5.jpeg,images/products/1500-reeds/1500reeds-6.jpeg
1500reeds/1500reeds6.jpeg,images/products/1500-reeds/1500reeds-7.jpeg
1500reeds/1500reeds7.jpeg,images/products/1500-reeds/1500reeds-8.jpeg
1500reeds/1500reeds8.jpeg,images/products/1500-reeds/1500reeds-9.jpeg
1500reeds/1500reeds9.jpeg,images/products/1500-reeds/1500reeds-10.jpeg
1500reeds/1500reeds10.jpeg,images/products/1500-reeds/1500reeds-11.jpeg
1500reeds/1500reeds11.jpeg,images/products/1500-reeds/1500reeds-12.jpeg
1500reeds/1500reeds12.jpeg,images/products/1500-reeds/1500reeds-13.jpeg
1500reeds/1500reeds13.jpeg,images/products/1500-reeds/1500reeds-14.jpeg
1500reeds/1500reeds14.jpeg,images/products/1500-reeds/1500reeds-15.jpeg
1500reeds/1500reeds15.jpeg,images/products/1500-reeds/1500reeds-16.jpeg
floshpolyester/floshpolyestermodern (1).jpeg,images/products/flosh-polyester-modern/floshpolyestermodern-1.jpeg
floshpolyester/floshpolyestermodern (2).jpeg,images/products/flosh-polyester-modern/floshpolyestermodern-2.jpeg
floshpolyester/floshpolyestermodern (3).jpeg,images/products/flosh-polyester-modern/floshpolyestermodern-3.jpeg
floshpolyester/floshpolyestermodern (4).jpeg,images/products/flosh-polyester-modern/floshpolyestermodern-4.jpeg
floshpolyester/floshpolyestermodern (5).jpeg,images/products/flosh-polyester-modern/floshpolyestermodern-5.jpeg
floshpolyester/floshpolyestermodern (6).jpeg,images/products/flosh-polyester-modern/floshpolyestermodern-6.jpeg
floshpolyester/floshpolyestermodern (7).jpeg,images/products/flosh-polyester-modern/floshpolyestermodern-7.jpeg
floshpolyester/floshpolyestermodern (8).jpeg,images/products/flosh-polyester-modern/floshpolyestermodern-8.jpeg
floshpolyester/floshpolyestermodern (9).jpeg,images/products/flosh-polyester-modern/floshpolyestermodern-9.jpeg
floshpolyester/floshpolyestermodern (10).jpeg,images/products/flosh-polyester-modern/floshpolyestermodern-10.jpeg
floshpolyester/floshpolyestermodern (11).jpeg,images/products/flosh-polyester-modern/floshpolyestermodern-11.jpeg
floshpolyester/floshpolyestermodern (12).jpeg,images/products/flosh-polyester-modern/floshpolyestermodern-12.jpeg
floshpolyester/floshpolyestermodern (13).jpeg,images/products/flosh-polyester-modern/floshpolyestermodern-13.jpeg
floshpolyester/floshpolyestermodern (14).jpeg,images/products/flosh-polyester-modern/floshpolyestermodern-14.jpeg
floshpolyester/floshpolyestermodern (15).jpeg,images/products/flosh-polyester-modern/floshpolyestermodern-15.jpeg
kaymaztaban/kaymaztaban (1).jpeg,images/products/kaymaz-taban/kaymaztaban-1.jpeg
kaymaztaban/kaymaztaban (2).jpeg,images/products/kaymaz-taban/kaymaztaban-2.jpeg
kaymaztaban/kaymaztaban (3).jpeg,images/products/kaymaz-taban/kaymaztaban-3.jpeg
kaymaztaban/kaymaztaban (4).jpeg,images/products/kaymaz-taban/kaymaztaban-4.jpeg
kaymaztaban/kaymaztaban (5).jpeg,images/products/kaymaz-taban/kaymaztaban-5.jpeg
kaymaztaban/kaymaztaban (6).jpeg,images/products/kaymaz-taban/kaymaztaban-6.jpeg
kaymaztaban/kaymaztaban (7).jpeg,images/products/kaymaz-taban/kaymaztaban-7.jpeg
kaymaztaban/kaymaztaban (8).jpeg,images/products/kaymaz-taban/kaymaztaban-8.jpeg
kaymaztaban/kaymaztaban (9).jpeg,images/products/kaymaz-taban/kaymaztaban-9.jpeg
kaymaztaban/kaymaztaban (10).jpeg,images/products/kaymaz-taban/kaymaztaban-10.jpeg
kaymaztaban/kaymaztaban (11).jpeg,images/products/kaymaz-taban/kaymaztaban-11.jpeg
kaymaztaban/kaymaztaban (12).jpeg,images/products/kaymaz-taban/kaymaztaban-12.jpeg
kaymaztaban/kaymaztaban (13).jpeg,images/products/kaymaz-taban/kaymaztaban-13.jpeg
kaymaztaban/kaymaztaban (14).jpeg,images/products/kaymaz-taban/kaymaztaban-14.jpeg
kaymaztaban/kaymaztaban (15).jpeg,images/products/kaymaz-taban/kaymaztaban-15.jpeg
polyesterklasik/polysterklasik (1).jpeg,images/products/polyester-klasik/polyesterklasik-1.jpeg
polyesterklasik/polysterklasik (2).jpeg,images/products/polyester-klasik/polyesterklasik-2.jpeg
polyesterklasik/polysterklasik (3).jpeg,images/products/polyester-klasik/polyesterklasik-3.jpeg
polyesterklasik/polysterklasik (4).jpeg,images/products/polyester-klasik/polyesterklasik-4.jpeg
polyesterklasik/polysterklasik (5).jpeg,images/products/polyester-klasik/polyesterklasik-5.jpeg
polyesterklasik/polysterklasik (6).jpeg,images/products/polyester-klasik/polyesterklasik-6.jpeg
polyesterklasik/polysterklasik (7).jpeg,images/products/polyester-klasik/polyesterklasik-7.jpeg
polyesterklasik/polysterklasik (8).jpeg,images/products/polyester-klasik/polyesterklasik-8.jpeg
polyesterklasik/polysterklasik (9).jpeg,images/products/polyester-klasik/polyesterklasik-9.jpeg
sisal/sisal (1).jpeg,images/products/sisal-jut/sisal-1.jpeg
sisal/sisal (2).jpeg,images/products/sisal-jut/sisal-2.jpeg
sisal/sisal (3).jpeg,images/products/sisal-jut/sisal-3.jpeg
sisal/sisal (4).jpeg,images/products/sisal-jut/sisal-4.jpeg
sisal/sisal (5).jpeg,images/products/sisal-jut/sisal-5.jpeg
sisal/sisal (6).jpeg,images/products/sisal-jut/sisal-6.jpeg
sisal/sisal (7).jpeg,images/products/sisal-jut/sisal-7.jpeg
sisal/sisal (8).jpeg,images/products/sisal-jut/sisal-8.jpeg
sisal/sisal (9).jpeg,images/products/sisal-jut/sisal-9.jpeg
sisal/sisal (10).jpeg,images/products/sisal-jut/sisal-10.jpeg
sisal/sisal (11).jpeg,images/products/sisal-jut/sisal-11.jpeg
sisal/sisal (12).jpeg,images/products/sisal-jut/sisal-12.jpeg
sisal/sisal (13).jpeg,images/products/sisal-jut/sisal-13.jpeg
sisal/sisal (14).jpeg,images/products/sisal-jut/sisal-14.jpeg
sisal/sisal (15).jpeg,images/products/sisal-jut/sisal-15.jpeg
sisal/sisal (16).jpeg,images/products/sisal-jut/sisal-16.jpeg
sisal/sisal (17).jpeg,images/products/sisal-jut/sisal-17.jpeg
sisal/sisal (18).jpeg,images/products/sisal-jut/sisal-18.jpeg
sisal/sisal (19).jpeg,images/products/sisal-jut/sisal-19.jpeg
sisal/sisal (20).jpeg,images/products/sisal-jut/sisal-20.jpeg
sisal/sisal (21).jpeg,images/products/sisal-jut/sisal-21.jpeg
Tafting/tafting (1).jpeg,images/products/tafting/tafting-1.jpeg
Tafting/tafting (2).jpeg,images/products/tafting/tafting-2.jpeg
Tafting/tafting (3).jpeg,images/products/tafting/tafting-3.jpeg
Tafting/tafting (4).jpeg,images/products/tafting/tafting-4.jpeg
Tafting/tafting (5).jpeg,images/products/tafting/tafting-5.jpeg
Tafting/tafting (6).jpeg,images/products/tafting/tafting-6.jpeg
İskandinav/bukleiskandinav (1).jpeg,images/products/bukle-iskandinav/bukleiskandinav-1.jpeg
İskandinav/bukleiskandinav (2).jpeg,images/products/bukle-iskandinav/bukleiskandinav-2.jpeg
İskandinav/bukleiskandinav (3).jpeg,images/products/bukle-iskandinav/bukleiskandinav-3.jpeg
İskandinav/bukleiskandinav (4).jpeg,images/products/bukle-iskandinav/bukleiskandinav-4.jpeg
İskandinav/bukleiskandinav (5).jpeg,images/products/bukle-iskandinav/bukleiskandinav-5.jpeg
İskandinav/bukleiskandinav (6).jpeg,images/products/bukle-iskandinav/bukleiskandinav-6.jpeg
İskandinav/bukleiskandinav (7).jpeg,images/products/bukle-iskandinav/bukleiskandinav-7.jpeg
İskandinav/bukleiskandinav (8).jpeg,images/products/bukle-iskandinav/bukleiskandinav-8.jpeg
İskandinav/bukleiskandinav (9).jpeg,images/products/bukle-iskandinav/bukleiskandinav-9.jpeg
İskandinav/bukleiskandinav (10).jpeg,images/products/bukle-iskandinav/bukleiskandinav-10.jpeg
İskandinav/bukleiskandinav (11).jpeg,images/products/bukle-iskandinav/bukleiskandinav-11.jpeg
İskandinav/bukleiskandinav (12).jpeg,images/products/bukle-iskandinav/bukleiskandinav-12.jpeg
İskandinav/bukleiskandinav (13).jpeg,images/products/bukle-iskandinav/bukleiskandinav-13.jpeg
İskandinav/bukleiskandinav (14).jpeg,images/products/bukle-iskandinav/bukleiskandinav-14.jpeg
İskandinav/bukleiskandinav (15).jpeg,images/products/bukle-iskandinav/bukleiskandinav-15.jpeg
spotsisal/spotsisal (1).jpeg,images/products/spot-sisal/spotsisal-1.jpeg
spotsisal/spotsisal (2).jpeg,images/products/spot-sisal/spotsisal-2.jpeg
spotsisal/spotsisal (3).jpeg,images/products/spot-sisal/spotsisal-3.jpeg
spotsisal/spotsisal (4).jpeg,images/products/spot-sisal/spotsisal-4.jpeg
spotsisal/spotsisal (5).jpeg,images/products/spot-sisal/spotsisal-5.jpeg
spotsisal/spotsisal (6).jpeg,images/products/spot-sisal/spotsisal-6.jpeg
spotsisal/spotsisal (7).jpeg,images/products/spot-sisal/spotsisal-7.jpeg
spotsisal/spotsisal (8).jpeg,images/products/spot-sisal/spotsisal-8.jpeg
spotsisal/spotsisal (9).jpeg,images/products/spot-sisal/spotsisal-9.jpeg
spotsisal/spotsisal (10).jpeg,images/products/spot-sisal/spotsisal-10.jpeg
spotsisal/spotsisal (11).jpeg,images/products/spot-sisal/spotsisal-11.jpeg
sonilkilim/WhatsApp Image 2026-08-06 at 23.01.23.jpeg,images/products/son-il-kilim/sonilkilim-1.jpeg
sonilkilim/WhatsApp Image 2026-08-06 at 23.01.23 (1).jpeg,images/products/son-il-kilim/sonilkilim-2.jpeg
sonilkilim/WhatsApp Image 2026-08-06 at 23.01.23 (2).jpeg,images/products/son-il-kilim/sonilkilim-3.jpeg
sonilkilim/WhatsApp Image 2026-08-06 at 23.01.23 (3).jpeg,images/products/son-il-kilim/sonilkilim-4.jpeg
sonilkilim/WhatsApp Image 2026-08-06 at 23.01.23 (4).jpeg,images/products/son-il-kilim/sonilkilim-5.jpeg
sonilkilim/WhatsApp Image 2026-08-06 at 23.01.23 (5).jpeg,images/products/son-il-kilim/sonilkilim-6.jpeg
sonilkilim/WhatsApp Image 2026-08-06 at 23.01.24.jpeg,images/products/son-il-kilim/sonilkilim-7.jpeg
sonilkilim/WhatsApp Image 2026-08-06 at 23.01.24 (1).jpeg,images/products/son-il-kilim/sonilkilim-8.jpeg
sonilkilim/WhatsApp Video 2026-08-06 at 23.01.23.mp4,images/products/son-il-kilim/sonilkilim.mp4
